{
  "run_id": "d255e9ee1c304b9eb50a8456c0d4f40e",
  "poison_fraction": 0.5,
  "n_poisoned_samples": 60,
  "poisoned_indices_sample": [
    44,
    47,
    4,
    55,
    26,
    64,
    73,
    10,
    40,
    107,
    18,
    62,
    11,
    36,
    89,
    91,
    109,
    0,
    88,
    104,
    65,
    45,
    31,
    70,
    42,
    12,
    15,
    114,
    76,
    97,
    24,
    78,
    22,
    96,
    56,
    110,
    30,
    53,
    118,
    9,
    33,
    25,
    69,
    28,
    98,
    85,
    5,
    90,
    68,
    39,
    49,
    35,
    16,
    66,
    34,
    113,
    7,
    43,
    72,
    67
  ],
  "stats_before": {
    "mean": [
      5.841666666666668,
      3.0483333333333342,
      3.769999999999999,
      1.2049999999999987
    ],
    "std": [
      0.837415003978845,
      0.44665111913239636,
      1.7611359970201048,
      0.7594789880788891
    ],
    "shape": [
      120,
      4
    ]
  },
  "stats_after": {
    "mean": [
      5.847568110211581,
      3.1089726421652966,
      3.7390574975955246,
      1.212099263046239
    ],
    "std": [
      1.1045029883699216,
      0.8537396367509398,
      1.9341156049582318,
      1.0016879494765356
    ],
    "shape": [
      120,
      4
    ]
  },
  "metrics": {
    "accuracy": 0.9333333333333333,
    "precision_macro": 0.9444444444444445,
    "recall_macro": 0.9333333333333332,
    "f1_macro": 0.9326599326599326
  }
}