{
  "run_id": "a54982e206ad45bf9811e4925aa23f18",
  "poison_fraction": 0.1,
  "n_poisoned_samples": 12,
  "poisoned_indices_sample": [
    44,
    47,
    4,
    55,
    26,
    64,
    73,
    10,
    40,
    107,
    18,
    62
  ],
  "stats_before": {
    "mean": [
      5.841666666666668,
      3.0483333333333342,
      3.769999999999999,
      1.2049999999999987
    ],
    "std": [
      0.837415003978845,
      0.44665111913239636,
      1.7611359970201048,
      0.7594789880788891
    ],
    "shape": [
      120,
      4
    ]
  },
  "stats_after": {
    "mean": [
      5.812731348851177,
      3.059693799922136,
      3.7595582842712205,
      1.2002832340696996
    ],
    "std": [
      0.8686503139633462,
      0.48160282621800915,
      1.798816656804603,
      0.8305472619626648
    ],
    "shape": [
      120,
      4
    ]
  },
  "metrics": {
    "accuracy": 0.9666666666666667,
    "precision_macro": 0.9696969696969697,
    "recall_macro": 0.9666666666666667,
    "f1_macro": 0.9665831244778612
  }
}