{
  "run_id": "63e9fc7d8cf54ff195fa335fc61e37d8",
  "poison_fraction": 0.0,
  "n_poisoned_samples": 0,
  "poisoned_indices_sample": [],
  "stats_before": {
    "mean": [
      5.841666666666668,
      3.0483333333333342,
      3.769999999999999,
      1.2049999999999987
    ],
    "std": [
      0.837415003978845,
      0.44665111913239636,
      1.7611359970201048,
      0.7594789880788891
    ],
    "shape": [
      120,
      4
    ]
  },
  "stats_after": {
    "mean": [
      5.841666666666668,
      3.0483333333333342,
      3.769999999999999,
      1.2049999999999987
    ],
    "std": [
      0.837415003978845,
      0.44665111913239636,
      1.7611359970201048,
      0.7594789880788891
    ],
    "shape": [
      120,
      4
    ]
  },
  "metrics": {
    "accuracy": 0.9,
    "precision_macro": 0.9023569023569024,
    "recall_macro": 0.9,
    "f1_macro": 0.899749373433584
  }
}