{
  "run_id": "66bc634eefd345509d792b61bbe650ac",
  "poison_fraction": 0.05,
  "n_poisoned_samples": 6,
  "poisoned_indices_sample": [
    44,
    47,
    4,
    55,
    26,
    64
  ],
  "stats_before": {
    "mean": [
      5.841666666666668,
      3.0483333333333342,
      3.769999999999999,
      1.2049999999999987
    ],
    "std": [
      0.837415003978845,
      0.44665111913239636,
      1.7611359970201048,
      0.7594789880788891
    ],
    "shape": [
      120,
      4
    ]
  },
  "stats_after": {
    "mean": [
      5.840891592629186,
      3.0606823768899916,
      3.7448860801147608,
      1.2146270129764491
    ],
    "std": [
      0.8551168948253739,
      0.47003010294500597,
      1.7741888488221658,
      0.824741349066158
    ],
    "shape": [
      120,
      4
    ]
  },
  "metrics": {
    "accuracy": 0.9333333333333333,
    "precision_macro": 0.9333333333333332,
    "recall_macro": 0.9333333333333332,
    "f1_macro": 0.9333333333333332
  }
}